<AI>
   <script>admiral</script>
   <name>Admiral AI</name>
   <playerNames>
      <name>Imhotep<culture>Egyptian</culture></name>
      <name>Miw-sher<culture>Egyptian</culture></name>
      <name>Nefersenut<culture>Egyptian</culture></name>
      <name>Nakhtankh<culture>Egyptian</culture></name>
      <name>Isetnofret<culture>Egyptian</culture></name>
      <name>Ptahhotep<culture>Egyptian</culture></name>
      <name>Sennedjsui<culture>Egyptian</culture></name>
      <name>Sesostris<culture>Egyptian</culture></name>
      <name>Khnumhotep<culture>Egyptian</culture></name>
      <name>Mentmose<culture>Egyptian</culture></name>
      <name>Nekhemmut<culture>Egyptian</culture></name>
      <name>Pedibastet<culture>Egyptian</culture></name>
      <name>Nebnufer<culture>Egyptian</culture></name>
      <name>Paaemtawemet<culture>Egyptian</culture></name>
      <name>Sainhur<culture>Egyptian</culture></name>
      <name>Sennefer<culture>Egyptian</culture></name>
      <name>Khasekhemwy<culture>Egyptian</culture></name>
      <name>Hekamaatreemperkhons<culture>Egyptian</culture></name>
      <name>Sabastet<culture>Egyptian</culture></name>
      <name>Merykare<culture>Egyptian</culture></name>
      <name>Sethos<culture>Egyptian</culture></name>
      <name>Netnebu<culture>Egyptian</culture></name>
      <name>Khepeshef<culture>Egyptian</culture></name>
      <name>Hesysunebef<culture>Egyptian</culture></name>
      <name>Heqanakht<culture>Egyptian</culture></name>
      <name>Snefru<culture>Egyptian</culture></name>
      <name>Imenjui<culture>Egyptian</culture></name>
      <name>Thutmose<culture>Egyptian</culture></name>
      <name>Senufer<culture>Egyptian</culture></name>
      <name>Tepemkau<culture>Egyptian</culture></name>
      <name>Pentawert<culture>Egyptian</culture></name>
      <name>Paibekkamen<culture>Egyptian</culture></name>
      <name>Iurudef<culture>Egyptian</culture></name>
      <name>Ipuwer<culture>Egyptian</culture></name>
      <name>Seqenenre<culture>Egyptian</culture></name>
      <name>Pasebakhaenniut<culture>Egyptian</culture></name>
      <name>Bias<culture>Greek</culture></name>
      <name>Kasos<culture>Greek</culture></name>
      <name>Kittos<culture>Greek</culture></name>
      <name>Olympicus<culture>Greek</culture></name>
      <name>Ganymedes<culture>Greek</culture></name>
      <name>Inachus<culture>Greek</culture></name>
      <name>Demeas<culture>Greek</culture></name>
      <name>Antiphones<culture>Greek</culture></name>
      <name>Oribasius<culture>Greek</culture></name>
      <name>Smindyrides<culture>Greek</culture></name>
      <name>Epaphos<culture>Greek</culture></name>
      <name>Phaenippos<culture>Greek</culture></name>
      <name>Musaios<culture>Greek</culture></name>
      <name>Aeimnestos<culture>Greek</culture></name>
      <name>Chremon<culture>Greek</culture></name>
      <name>Aniketos<culture>Greek</culture></name>
      <name>Theron<culture>Greek</culture></name>
      <name>Straton<culture>Greek</culture></name>
      <name>Aschines<culture>Greek</culture></name>
      <name>Chilon<culture>Greek</culture></name>
      <name>Chrysaor<culture>Greek</culture></name>
      <name>Thalysios<culture>Greek</culture></name>
      <name>Monomachus<culture>Greek</culture></name>
      <name>Anaxis<culture>Greek</culture></name>
      <name>Acestes<culture>Greek</culture></name>
      <name>Telesphorus<culture>Greek</culture></name>
      <name>Cleombrotos<culture>Greek</culture></name>
      <name>Agastrophos<culture>Greek</culture></name>
      <name>Hermeias<culture>Greek</culture></name>
      <name>Phokas<culture>Greek</culture></name>
      <name>Dexicos<culture>Greek</culture></name>
      <name>Polemion<culture>Greek</culture></name>
      <name>Eurysthenes<culture>Greek</culture></name>
      <name>Cteatus<culture>Greek</culture></name>
      <name>Autolycus<culture>Greek</culture></name>
      <name>Cratippus<culture>Greek</culture></name>
      <name>Gudberd<culture>Norse</culture></name>
      <name>Aric<culture>Norse</culture></name>
      <name>Wodin<culture>Norse</culture></name>
      <name>Vidar<culture>Norse</culture></name>
      <name>Lauur<culture>Norse</culture></name>
      <name>Gemmel<culture>Norse</culture></name>
      <name>Bjarnar<culture>Norse</culture></name>
      <name>Haeng<culture>Norse</culture></name>
      <name>Vaerdalen<culture>Norse</culture></name>
      <name>Arnvid<culture>Norse</culture></name>
      <name>Vili<culture>Norse</culture></name>
      <name>Magnild<culture>Norse</culture></name>
      <name>Torquil<culture>Norse</culture></name>
      <name>Lifsten<culture>Norse</culture></name>
      <name>Audgisli<culture>Norse</culture></name>
      <name>Api<culture>Norse</culture></name>
      <name>Adalradr<culture>Norse</culture></name>
      <name>Terrell<culture>Norse</culture></name>
      <name>Thrykki<culture>Norse</culture></name>
      <name>Toki<culture>Norse</culture></name>
      <name>Ukyrni<culture>Norse</culture></name>
      <name>Arkil<culture>Norse</culture></name>
      <name>Gamelinus<culture>Norse</culture></name>
      <name>Erek<culture>Norse</culture></name>
      <name>Finnbogi<culture>Norse</culture></name>
      <name>He-inn<culture>Norse</culture></name>
      <name>Thorlak<culture>Norse</culture></name>
      <name>Hemingr<culture>Norse</culture></name>
      <name>Magni<culture>Norse</culture></name>
      <name>Broddr<culture>Norse</culture></name>
      <name>Stenkil<culture>Norse</culture></name>
      <name>Opir<culture>Norse</culture></name>
      <name>Havvar<culture>Norse</culture></name>
      <name>Arva<culture>Norse</culture></name>
      <name>Acun<culture>Norse</culture></name>
      <name>Ernmund<culture>Norse</culture></name>
      <name>Atlanicerex<culture>Atlantean</culture></name>
      <name>Atlaniphon<culture>Atlantean</culture></name>
      <name>Cao-Melion<culture>Atlantean</culture></name>
      <name>Cao-Thildo<culture>Atlantean</culture></name>
      <name>Carel<culture>Atlantean</culture></name>
      <name>Carnaxa<culture>Atlantean</culture></name>
      <name>Caron<culture>Atlantean</culture></name>
      <name>Carulla<culture>Atlantean</culture></name>
      <name>Ceisille<culture>Atlantean</culture></name>
      <name>Celam<culture>Atlantean</culture></name>
      <name>Celamel<culture>Atlantean</culture></name>
      <name>Ceuralla<culture>Atlantean</culture></name>
      <name>Craonos<culture>Atlantean</culture></name>
      <name>Crehon<culture>Atlantean</culture></name>
      <name>Crehonerex<culture>Atlantean</culture></name>
      <name>Lasso<culture>Atlantean</culture></name>
      <name>Lir-Craonos<culture>Atlantean</culture></name>
      <name>Louroyon<culture>Atlantean</culture></name>
      <name>Meison<culture>Atlantean</culture></name>
      <name>Meisonex<culture>Atlantean</culture></name>
      <name>Melion<culture>Atlantean</culture></name>
      <name>Millei<culture>Atlantean</culture></name>
      <name>Norindel<culture>Atlantean</culture></name>
      <name>Pareon<culture>Atlantean</culture></name>
      <name>Proinen<culture>Atlantean</culture></name>
      <name>Puella<culture>Atlantean</culture></name>
      <name>Racrehel<culture>Atlantean</culture></name>
      <name>Siphon<culture>Atlantean</culture></name>
      <name>Siphonei<culture>Atlantean</culture></name>
      <name>Suayofo<culture>Atlantean</culture></name>
      <name>Suennon<culture>Atlantean</culture></name>
      <name>Thildo<culture>Atlantean</culture></name>
      <name>Thoun<culture>Atlantean</culture></name>
   </playerNames>
</AI>
