<AI>
   <script>aomxailoaderdefboom</script>
   <nameID>23507</nameID>
   <playerNames>
      <nameID>19253<culture>Egyptian</culture></nameID>
      <nameID>19254<culture>Egyptian</culture></nameID>
      <nameID>19255<culture>Egyptian</culture></nameID>
      <nameID>19256<culture>Egyptian</culture></nameID>
      <nameID>19257<culture>Egyptian</culture></nameID>
      <nameID>19258<culture>Egyptian</culture></nameID>
      <nameID>19259<culture>Egyptian</culture></nameID>
      <nameID>19260<culture>Egyptian</culture></nameID>
      <nameID>19261<culture>Egyptian</culture></nameID>
      <nameID>19262<culture>Egyptian</culture></nameID>
      <nameID>20759<culture>Egyptian</culture></nameID>
      <nameID>20728<culture>Greek</culture></nameID>
      <nameID>20728<culture>Greek</culture></nameID>
      <nameID>20729<culture>Greek</culture></nameID>
      <nameID>20730<culture>Greek</culture></nameID>
      <nameID>20731<culture>Greek</culture></nameID>
      <nameID>20732<culture>Greek</culture></nameID>
      <nameID>20733<culture>Greek</culture></nameID>
      <nameID>20734<culture>Greek</culture></nameID>
      <nameID>20735<culture>Greek</culture></nameID>
      <nameID>20736<culture>Greek</culture></nameID>
      <nameID>20737<culture>Greek</culture></nameID>
      <nameID>20565<culture>Norse</culture></nameID>
      <nameID>20566<culture>Norse</culture></nameID>
      <nameID>20567<culture>Norse</culture></nameID>
      <nameID>20568<culture>Norse</culture></nameID>
      <nameID>20569<culture>Norse</culture></nameID>
      <nameID>20570<culture>Norse</culture></nameID>
      <nameID>20571<culture>Norse</culture></nameID>
      <nameID>20572<culture>Norse</culture></nameID>
      <nameID>20573<culture>Norse</culture></nameID>
      <nameID>20574<culture>Norse</culture></nameID>
      <nameID>20575<culture>Norse</culture></nameID>
      <nameID>23997<culture>Atlantean</culture></nameID>
      <nameID>23998<culture>Atlantean</culture></nameID>
      <nameID>23999<culture>Atlantean</culture></nameID>
      <nameID>24000<culture>Atlantean</culture></nameID>
      <nameID>24001<culture>Atlantean</culture></nameID>
      <nameID>24002<culture>Atlantean</culture></nameID>
      <nameID>24003<culture>Atlantean</culture></nameID>
      <nameID>24004<culture>Atlantean</culture></nameID>
      <nameID>24005<culture>Atlantean</culture></nameID>
      <nameID>24006<culture>Atlantean</culture></nameID>
      <nameID>24007<culture>Atlantean</culture></nameID>
	</playerNames>
</AI>